{
  "camera_matrix": [
    [
      1101.477336634039,
      0.0,
      642.664484278009
    ],
    [
      0.0,
      1102.9541640657521,
      380.20234515191777
    ],
    [
      0.0,
      0.0,
      1.0
    ]
  ],
  "dist_coeffs": [
    [
      -0.08461055889223623,
      0.14179204954485677,
      0.0011274428148049355,
      -0.0017247298779629178,
      -0.06517732393607316
    ]
  ],
  "image_size": [
    1280,
    720
  ],
  "chessboard_size": [
    9,
    6
  ],
  "square_size": 0.025,
  "num_images": 25,
  "timestamp": "2025-06-07T17:43:27.497155",
  "reprojection_error": 0.3921575758257184
}